Symbol,Company Name,Industry,Series
RELIANCE,Reliance Industries Ltd,Oil Gas & Consumable Fuels,EQ
TCS,Tata Consultancy Services Ltd,Information Technology,EQ
HDFCBANK,HDFC Bank Ltd,Financial Services,EQ
BHARTIARTL,Bharti Airtel Ltd,Telecommunication,EQ
ICICIBANK,ICICI Bank Ltd,Financial Services,EQ
INFY,Infosys Ltd,Information Technology,EQ
SBIN,State Bank of India,Financial Services,EQ
LICI,Life Insurance Corporation of India,Financial Services,EQ
ITC,ITC Ltd,Fast Moving Consumer Goods,EQ
HINDUNILVR,Hindustan Unilever Ltd,Fast Moving Consumer Goods,EQ
LT,Larsen & Toubro Ltd,Construction,EQ
BAJFINANCE,Bajaj Finance Ltd,Financial Services,EQ
HCLTECH,HCL Technologies Ltd,Information Technology,EQ
MARUTI,Maruti Suzuki India Ltd,Automobile and Auto Components,EQ
SUNPHARMA,Sun Pharmaceutical Industries Ltd,Healthcare,EQ
ADANIENT,Adani Enterprises Ltd,Metals & Mining,EQ
KOTAKBANK,Kotak Mahindra Bank Ltd,Financial Services,EQ
TATAMOTORS,Tata Motors Ltd,Automobile and Auto Components,EQ
ONGC,Oil & Natural Gas Corporation Ltd,Oil Gas & Consumable Fuels,EQ
NTPC,NTPC Ltd,Power,EQ
AXISBANK,Axis Bank Ltd,Financial Services,EQ
TITAN,Titan Company Ltd,Consumer Durables,EQ
DMART,Avenue Supermarts Ltd,Consumer Services,EQ
ADANIPORTS,Adani Ports and Special Economic Zone Ltd,Services,EQ
POWERGRID,Power Grid Corporation of India Ltd,Power,EQ
COALINDIA,Coal India Ltd,Oil Gas & Consumable Fuels,EQ
WIPRO,Wipro Ltd,Information Technology,EQ
BAJAJFINSV,Bajaj Finserv Ltd,Financial Services,EQ
M&M,Mahindra & Mahindra Ltd,Automobile and Auto Components,EQ
HAL,Hindustan Aeronautics Ltd,Capital Goods,EQ
SIEMENS,Siemens Ltd,Capital Goods,EQ
ULTRACEMCO,UltraTech Cement Ltd,Construction Materials,EQ
IOC,Indian Oil Corporation Ltd,Oil Gas & Consumable Fuels,EQ
BEL,Bharat Electronics Ltd,Capital Goods,EQ
ZOMATO,Zomato Ltd,Consumer Services,EQ
TRENT,Trent Ltd,Consumer Services,EQ
ASIANPAINT,Asian Paints Ltd,Consumer Durables,EQ
NESTLEIND,Nestle India Ltd,Fast Moving Consumer Goods,EQ
JSWSTEEL,JSW Steel Ltd,Metals & Mining,EQ
TATASTEEL,Tata Steel Ltd,Metals & Mining,EQ
GRASIM,Grasim Industries Ltd,Construction Materials,EQ
VBL,Varun Beverages Ltd,Fast Moving Consumer Goods,EQ
DLF,DLF Ltd,Realty,EQ
JIOFIN,Jio Financial Services Ltd,Financial Services,EQ
CHOLAFIN,Cholamandalam Investment and Finance Company Ltd,Financial Services,EQ
PIDILITIND,Pidilite Industries Ltd,Chemicals,EQ
GAIL,GAIL (India) Ltd,Oil Gas & Consumable Fuels,EQ
HINDALCO,Hindalco Industries Ltd,Metals & Mining,EQ
DIVISLAB,Divi's Laboratories Ltd,Healthcare,EQ
EICHERMOT,Eicher Motors Ltd,Automobile and Auto Components,EQ
APOLLOHOSP,Apollo Hospitals Enterprise Ltd,Healthcare,EQ
BPCL,Bharat Petroleum Corporation Ltd,Oil Gas & Consumable Fuels,EQ
SHRIRAMFIN,Shriram Finance Ltd,Financial Services,EQ
INDUSINDBK,IndusInd Bank Ltd,Financial Services,EQ
ABB,ABB India Ltd,Capital Goods,EQ
HAVELLS,Havells India Ltd,Consumer Durables,EQ
POLYCAB,Polycab India Ltd,Capital Goods,EQ
PERSISTENT,Persistent Systems Ltd,Information Technology,EQ
COFORGE,Coforge Ltd,Information Technology,EQ
DIXON,Dixon Technologies (India) Ltd,Consumer Durables,EQ
KALYANKJIL,Kalyan Jewellers India Ltd,Consumer Durables,EQ
SUZLON,Suzlon Energy Ltd,Capital Goods,EQ
BSE,BSE Ltd,Financial Services,EQ
MAZDOCK,Mazagon Dock Shipbuilders Ltd,Capital Goods,EQ
COCHINSHIP,Cochin Shipyard Ltd,Capital Goods,EQ
RVNL,Rail Vikas Nigam Ltd,Construction,EQ
IRFC,Indian Railway Finance Corporation Ltd,Financial Services,EQ
MOTHERSON,Samvardhana Motherson International Ltd,Automobile and Auto Components,EQ
BOSCHLTD,Bosch Ltd,Automobile and Auto Components,EQ
TVSMOTOR,TVS Motor Company Ltd,Automobile and Auto Components,EQ
GODREJPROP,Godrej Properties Ltd,Realty,EQ
PHOENIXLTD,The Phoenix Mills Ltd,Realty,EQ
PRESTIGE,Prestige Estates Projects Ltd,Realty,EQ
OBEROIRLTY,Oberoi Realty Ltd,Realty,EQ
JUBLFOOD,Jubilant FoodWorks Ltd,Consumer Services,EQ
MAXHEALTH,Max Healthcare Institute Ltd,Healthcare,EQ
MANKIND,Mankind Pharma Ltd,Healthcare,EQ
LUPIN,Lupin Ltd,Healthcare,EQ
AUROPHARMA,Aurobindo Pharma Ltd,Healthcare,EQ
CIPLA,Cipla Ltd,Healthcare,EQ
DRREDDY,Dr. Reddy's Laboratories Ltd,Healthcare,EQ
TORNTPHARM,Torrent Pharmaceuticals Ltd,Healthcare,EQ
ALKEM,Alkem Laboratories Ltd,Healthcare,EQ
ZYDUSLIFE,Zydus Lifesciences Ltd,Healthcare,EQ
GLENMARK,Glenmark Pharmaceuticals Ltd,Healthcare,EQ
FEDERALBNK,The Federal Bank Ltd,Financial Services,EQ
IDFCFIRSTB,IDFC First Bank Ltd,Financial Services,EQ
PNB,Punjab National Bank,Financial Services,EQ
BANKBARODA,Bank of Baroda,Financial Services,EQ
CANBK,Canara Bank,Financial Services,EQ
UNIONBANK,Union Bank of India,Financial Services,EQ
IOB,Indian Overseas Bank,Financial Services,EQ
ABCAPITAL,Aditya Birla Capital Ltd,Financial Services,EQ
MUTHOOTFIN,Muthoot Finance Ltd,Financial Services,EQ
PFC,Power Finance Corporation Ltd,Financial Services,EQ
RECLTD,REC Ltd,Financial Services,EQ
LICHSGFIN,LIC Housing Finance Ltd,Financial Services,EQ
HUDCO,Housing & Urban Development Corporation Ltd,Financial Services,EQ
IREDA,Indian Renewable Energy Development Agency Ltd,Financial Services,EQ
